100VIRUSput	U31790	Gammapapillomavirus 3
101VIRUSput	KF147892	Taupapillomavirus 3
102VIRUSput	U31783	Alphapapillomavirus 2
103VIRUSput	Y15174	Betapapillomavirus 3
104VIRUSput	MH376689	Unclassified
105VIRUSput	HM999994	Gammapapillomavirus 10
106VIRUSput	MF588691	Gammapapillomavirus
107VIRUSput.1	X74466	Betapapillomavirus 1
107VIRUSput.2	X74466	Betapapillomavirus 1
108VIRUSput	U31780	Betapapillomavirus 2
109VIRUSput	MH972563	Gammapapillomavirus
10VIRUSput.1	MH777208	Gammapapillomavirus
10VIRUSput.2	MH777208	Gammapapillomavirus
10VIRUSput.3	MH376689	Unclassified
110VIRUSput	FM955840	Betapapillomavirus 2
111VIRUSput	MH777175	Betapapillomavirus
112VIRUSput	MF588682	Betapapillomavirus
113VIRUSput	U31785	Betapapillomavirus 1
114VIRUSput	U31785	Betapapillomavirus 1
115VIRUSput	MF588742	Gammapapillomavirus
116VIRUSput	HM999999	Gammapapillomavirus 8
117VIRUSput.1	MF588677	Betapapillomavirus
117VIRUSput.2	MF588677	Betapapillomavirus
118VIRUSput	GU225708	Gammapapillomavirus 13
119VIRUSput	MG520499	Gammapapillomavirus
11VIRUSput.1	X74480	Betapapillomavirus 3
11VIRUSput.2	X74480	Betapapillomavirus 3
11VIRUSput.3	X74480	Betapapillomavirus 3
11VIRUSput.4	X74480	Betapapillomavirus 3
11VIRUSput.5	X74480	Betapapillomavirus 3
120VIRUSput.1	X74480	Betapapillomavirus 3
120VIRUSput.2	X74480	Betapapillomavirus 3
121VIRUSput	KY853656	Taupapillomavirus
122VIRUSput	MF588677	Betapapillomavirus
123VIRUSput	M17463	Betapapillomavirus 1
124VIRUSput	MH972563	Gammapapillomavirus
125VIRUSput	M17463	Betapapillomavirus 1
126VIRUSput	Y15174	Betapapillomavirus 3
127VIRUSput	FM955841	Betapapillomavirus 1
128VIRUSput.1	KP692118	Gammapapillomavirus
128VIRUSput.2	KP692118	Gammapapillomavirus
129VIRUSput	GQ845444	Betapapillomavirus 2
12VIRUSput.1	Y15174	Betapapillomavirus 3
12VIRUSput.2	Y15174	Betapapillomavirus 3
12VIRUSput.3	Y15174	Betapapillomavirus 3
130VIRUSput	MH675890	Gammapapillomavirus
131VIRUSput	MH972563	Gammapapillomavirus
132VIRUSput	U31783	Alphapapillomavirus 2
133VIRUSput	X55964	Alphapapillomavirus 4
134VIRUSput	U31785	Betapapillomavirus 1
135VIRUSput	HG421739	Gammapapillomavirus 15
136VIRUSput	MH777347	Gammapapillomavirus
137VIRUSput	X74466	Betapapillomavirus 1
138VIRUSput	GQ845442	Betapapillomavirus 2
139VIRUSput	KC108721	Gammapapillomavirus 23
13VIRUSput.1	Y15174	Betapapillomavirus 3
13VIRUSput.2	Y15174	Betapapillomavirus 3
13VIRUSput.3	Y15174	Betapapillomavirus 3
13VIRUSput.4	GU014531	Betapapillomavirus 6
14VIRUSput.1	FJ947080	Betapapillomavirus 3
14VIRUSput.2	FJ947080	Betapapillomavirus 3
14VIRUSput.3	FJ947080	Betapapillomavirus 3
15VIRUSput	MH675890	Gammapapillomavirus
16VIRUSput	MH777335	Gammapapillomavirus
17VIRUSput	U31781	Betapapillomavirus 2
18VIRUSput	U31786	Betapapillomavirus 2
19VIRUSput	X74470	Betapapillomavirus 1
20VIRUSput	MH777389	Gammapapillomavirus
21VIRUSput	KR816174	Gammapapillomavirus 26
22VIRUSput	M17463	Betapapillomavirus 1
23VIRUSput	AY382779	Betapapillomavirus 5
24VIRUSput	Y15174	Betapapillomavirus 3
25VIRUSput	GU117634	Gammapapillomavirus 7
26VIRUSput	MH972563	Gammapapillomavirus
27VIRUSput	M17463	Betapapillomavirus 1
28VIRUSput	HM999987	Gammapapillomavirus 15
29VIRUSput	MF588682	Betapapillomavirus
30VIRUSput	U31782	Betapapillomavirus 1
31VIRUSput	FN677756	Betapapillomavirus 2
32VIRUSput	U31781	Betapapillomavirus 2
33VIRUSput	U31786	Betapapillomavirus 2
34VIRUSput	GU117634	Gammapapillomavirus 7
35VIRUSput	HM999997	Betapapillomavirus 2
36VIRUSput	KX781282	Gammapapillomavirus
37VIRUSput	MF356498	Gammapapillomavirus
38VIRUSput	GQ845445	Gammapapillomavirus 7
39VIRUSput	GU117632	Gammapapillomavirus 12
40VIRUSput	EF422221	Betapapillomavirus 2
41VIRUSput	KP692115	Gammapapillomavirus 27
42VIRUSput	MF588682	Betapapillomavirus
43VIRUSput	MF588733	Gammapapillomavirus
44VIRUSput	MH777208	Gammapapillomavirus
45VIRUSput	AY382778	Betapapillomavirus 1
46VIRUSput	HM999996	Gammapapillomavirus 17
47VIRUSput	MH972562	Gammapapillomavirus
48VIRUSput	MH972563	Gammapapillomavirus
49VIRUSput	MH777252	Gammapapillomavirus
4VIRUSput.1	Y15174	Betapapillomavirus 3
4VIRUSput.2	Y15174	Betapapillomavirus 3
4VIRUSput.3	KY853656	Taupapillomavirus
4VIRUSput.4	Y15174	Betapapillomavirus 3
50VIRUSput	HM999990	Gammapapillomavirus 7
51VIRUSput	MH777376	Gammapapillomavirus
52VIRUSput	X74470	Betapapillomavirus 1
53VIRUSput	AY382778	Betapapillomavirus 1
54VIRUSput	MF588682	Betapapillomavirus
55VIRUSput	JF966371	Gammapapillomavirus
56VIRUSput	GQ246951	Betapapillomavirus 1
57VIRUSput	MH777244	Gammapapillomavirus
58VIRUSput	U31779	Betapapillomavirus 1
59VIRUSput	MF588748	Gammapapillomavirus
5VIRUSput.1	X74480	Betapapillomavirus 3
5VIRUSput.2	X74480	Betapapillomavirus 3
5VIRUSput.3	KY853656	Taupapillomavirus
60VIRUSput	MF588685	Betapapillomavirus
61VIRUSput	U31783	Alphapapillomavirus 2
62VIRUSput	U31790	Gammapapillomavirus 3
63VIRUSput	X74466	Betapapillomavirus 1
64VIRUSput	HM999994	Gammapapillomavirus 10
65VIRUSput	U31785	Betapapillomavirus 1
66VIRUSput	MH972563	Gammapapillomavirus
67VIRUSput	U31780	Betapapillomavirus 2
68VIRUSput	MF588691	Gammapapillomavirus
69VIRUSput	MH376689	Unclassified
6VIRUSput	FJ947080	Betapapillomavirus 3
70VIRUSput	FM955840	Betapapillomavirus 2
71VIRUSput	MH777175	Betapapillomavirus
72VIRUSput	MF588682	Betapapillomavirus
73VIRUSput	GU117633	Gammapapillomavirus 10
74VIRUSput	GQ845446	Betapapillomavirus 1
75VIRUSput	HM999989	Gammapapillomavirus 16
76VIRUSput	MH376689	Unclassified
77VIRUSput	AY382779	Betapapillomavirus 5
78VIRUSput	MH777313	Gammapapillomavirus
79VIRUSput	MF588742	Gammapapillomavirus
7VIRUSput	Y15174	Betapapillomavirus 3
80VIRUSput	GU117630	Gammapapillomavirus 10
81VIRUSput	X74467	Betapapillomavirus 1
82VIRUSput	MH777334	Gammapapillomavirus
83VIRUSput	MH777156	Gammapapillomavirus
84VIRUSput	MH777333	Gammapapillomavirus
85VIRUSput	X74469	Betapapillomavirus 2
86VIRUSput	MF588679	Betapapillomavirus
87VIRUSput	KY242583	Betapapillomavirus
88VIRUSput	MF588723	Gammapapillomavirus
89VIRUSput	FM955840	Betapapillomavirus 2
8VIRUSput	FJ947080	Betapapillomavirus 3
90VIRUSput	KT698166	Gammapapillomavirus
91VIRUSput	X70827	Gammapapillomavirus 1
92VIRUSput	MF588677	Betapapillomavirus
93VIRUSput	MH777334	Gammapapillomavirus
94VIRUSput	MK080568	Betapapillomavirus
95VIRUSput	FM955837	Betapapillomavirus 1
96VIRUSput	FN547152	Alphapapillomavirus 2
97VIRUSput	U31779	Betapapillomavirus 1
98VIRUSput	MH376689	Unclassified
99VIRUSput	MH777347	Gammapapillomavirus
9VIRUSput.1	Y15174	Betapapillomavirus 3
9VIRUSput.10	FM955840	Betapapillomavirus 2
9VIRUSput.2	Y15174	Betapapillomavirus 3
9VIRUSput.3	Y15174	Betapapillomavirus 3
9VIRUSput.4	Y15174	Betapapillomavirus 3
9VIRUSput.5	Y15174	Betapapillomavirus 3
9VIRUSput.6	Y15174	Betapapillomavirus 3
9VIRUSput.7	Y15174	Betapapillomavirus 3
9VIRUSput.8	Y15174	Betapapillomavirus 3
9VIRUSput.9	Y15174	Betapapillomavirus 3
